最近在开发中遇到一个有趣的问题，大概的需求是由张主表`Table_Main`和一张附表`Table_Menu`这两张是`1-N`的关系，基本上查询都会用到。本文使用的Mysql版本是5.7

```sql
Table_Main.columnA=Table_Main.columnA 
and 
Table_Main.columnB in (...)
```

意思就是通过`Table_Menu`筛选符合条件的`Table_Main`

### 模拟

`test_main`表既主表，`test_main_menu`既菜单表，其中`test_main_menu.main_id`和`test_main.id`可以看作是外键关系。主表的数据分配给具体某个菜单时就在菜单表中新增条关联数据。

```shell
mysql> desc test_main;
+-------+-------------+------+-----+---------+----------------+
| Field | Type        | Null | Key | Default | Extra          |
+-------+-------------+------+-----+---------+----------------+
| id    | int(10)     | NO   | PRI | NULL    | auto_increment |
| name  | varchar(20) | YES  |     | NULL    |                |
| type  | int(2)      | YES  |     | NULL    |                |
+-------+-------------+------+-----+---------+----------------+
3 rows in set (0.01 sec)

mysql> desc test_main_menu;
+---------+---------+------+-----+---------+----------------+
| Field   | Type    | Null | Key | Default | Extra          |
+---------+---------+------+-----+---------+----------------+
| id      | int(10) | NO   | PRI | NULL    | auto_increment |
| main_id | int(10) | YES  |     | NULL    |                |
| menu_id | int(10) | YES  |     | NULL    |                |
+---------+---------+------+-----+---------+----------------+
3 rows in set (0.03 sec)
```

表中的数据部分如下：

```shell
mysql> select * from test_main limit 2;
+----+-------+------+
| id | name  | type |
+----+-------+------+
|  1 | main1 |    1 |
|  2 | main2 |    1 |
+----+-------+------+
2 rows in set (0.02 sec)

mysql> select * from test_main_menu limit 2;
+----+---------+---------+
| id | main_id | menu_id |
+----+---------+---------+
|  1 |       1 |       1 |
|  2 |       1 |       2 |
+----+---------+---------+
2 rows in set (0.01 sec)
```

我现在想查询`menu_id in (1,2,3,4,5)`的`main`表数据，可能先想到的是这样

```sql
mysql> SELECT
    -> DISTINCT m.id,m.name
    -> FROM
    -> test_main m
    -> LEFT JOIN test_main_menu mm ON m.id = mm.main_id
    -> WHERE mm.menu_id IN (1,2,3,4,5);
+----+-------+
| id | name  |
+----+-------+
|  1 | main1 |
|  2 | main2 |
|  3 | main3 |
|  4 | main4 |
+----+-------+
4 rows in set (0.01 sec)
```

但是我看到的是现实这样

```sql
mysql> SELECT
    -> m.id,
    -> m.name
    -> from test_main m
    -> LEFT JOIN (select main_id,group_concat( menu_id ) AS menu_id FROM test_main_menu GROUP BY main_id) mm on mm.main_id = m.id
    -> WHERE
    -> mm.menu_id in (1,2,3,4,5);
+----+-------+
| id | name  |
+----+-------+
|  1 | main1 |
|  2 | main2 |
|  3 | main3 |
|  4 | main4 |
+----+-------+
4 rows in set (0.02 sec)
```

看起来有点怪但是结果和上面的一样。但是这样的写法是有隐患的，或者说是完全错误的。同样的语句我们进行一点点修改

```sql
mysql> SELECT
    -> m.id,
    -> m.name
    -> from test_main m
    -> LEFT JOIN (select main_id,group_concat( menu_id ) AS menu_id FROM test_main_menu GROUP BY main_id) mm on mm.main_id = m.id
    -> WHERE
    -> mm.menu_id in ('1','2','3','4','5');
+----+-------+
| id | name  |
+----+-------+
|  3 | main3 |
+----+-------+
1 row in set (0.02 sec)
```

可以看到我们把`in`的条件中的类型从数字改成了字符串，结果就完全不同的结果。这是为什么呢？

### 原因

在解决上述问题的时候我们先看一个简单查询

```sql
mysql> SELECT 'a' IN (0), 0 IN ('b');
+------------+------------+
| 'a' IN (0) | 0 IN ('b') |
+------------+------------+
|          1 |          1 |
+------------+------------+
1 row in set, 2 warnings (0.01 sec)
```

明明`'a'`和`0`不相等为啥会返回	`1(true)`呢。因为这里发生了`Implicit type conversion`（隐式类型转换）。那么在比较操作的时候转换的规格是怎么样的呢？

* 如果一个或者所有的参数都是`NULL`，那么比较的结果就是`NULL`。除非是`NULL-safe`比较，既使用`<=>`运算符，对于`NULL <=> NULL`结果是`true`。符合这条不需要转换
* 如果比较运算里面的所有参数都是`strings`，那么它们会作为`strings`进行比较
* 如果所有的参数都是`integer`，那么它们会作为`integers`进行比较
* 十六进制的值如果和非`number`进行比较，会被当作是二进制的字符串（binary strings）
* 如果其中一个参数是`TIMESTAMP`或者`DATETIME`类型的列（column）而另一个参数是一个常量（constant），那么这个常量会在比较之前被转换成`timestamp`。为的是`ODBC-friendly`。但是对于`in()`中的参数不会进行转换。安全起见，在进行比较时总是使用完整的`datetime`，`date`或者`time`的字符串。比如在`BETWEEN`中遇到`date`或者`time`的值，为了获得跟好的结果，可以使用`CAST() `显式的将这些值转换成需要的数据类型

	>对于表子查询的单条结果不过被当作一个常量（constant）。比如，一个子查询返回了一个整数（integer）被用作和一个`DATEIME`的值进行比较，那么这次比较会变成两个整数的比较。整数不会被转成时间类型的值。和`DATETIME`的值进行比较时，使用`CAST()`显式的将自查询的值转成`DATETIME`

* 如果一个参数是小数（decimal）值，那么比较取决于其他的参数。如果另一个参数是小数或者是整数那么所有的参数会被转成小数进行比较，如果另一个参数是浮点值（floating-point）那么所有参数转为浮点值
* 其他情况，参数会被转成浮点（real）数值。比如，字符串和数字的比较会被当作两个浮点数进行

有了以上这些规则我们知道了为什么会出现`'a' IN (0) is true`。再结合我们的例子，可看到在子查询结果的`menu_id`的字段我们用到了`group_concat`函数，所以在结果集中`menu_id`字段是字符串类型的。再看一下未筛选的结果是这样的：

```sql
mysql> SELECT
    -> m.id,
    -> m.name,
    -> mm.menu_id
    -> from test_main m
    -> LEFT JOIN (select main_id,group_concat( menu_id ) AS menu_id FROM test_main_menu GROUP BY main_id) mm on mm.main_id = m.id;
+----+-------+---------+
| id | name  | menu_id |
+----+-------+---------+
|  1 | main1 | 1,2     |
|  2 | main2 | 2,3     |
|  3 | main3 | 3       |
|  4 | main4 | 4,5     |
+----+-------+---------+
4 rows in set (0.01 sec)
```

可以看到`menu_id`的值有`'1,2'`或者`'2,3'`的这样的字符串。如果查询条件是`in (1,2,3)`这样的整数条件的话，根据最后一条规则它们将转化为浮点型进行比较。

```sql
mysql> select '1,2'=1,'2,3'=2;
+---------+---------+
| '1,2'=1 | '2,3'=2 |
+---------+---------+
|       1 |       1 |
+---------+---------+
1 row in set, 2 warnings (0.02 sec)
```

可以看到字符串`'1,2'`和整数`1`转成浮点数以后是相等的，这就解释了为什么`in`条件都是整数的时候结果是正确的

### 更多内容

[Mysql 5.7-Cast Functions and Operators](https://dev.mysql.com/doc/refman/5.7/en/cast-functions.html)

[Mysql 5.7-Type Conversion in Expression Evaluation](https://dev.mysql.com/doc/refman/5.7/en/type-conversion.html)